FIRST_NAME,LAST_NAME,EMAIL,STREETADDRESS,CITY,START_DATE
Cindy,Koch,cindy.koch@kestra.io,01367 Thompson Parkway Apt. 972,Danielview,2022-09-20
Michael,Bell,michael.bell@kestra.io,33875 Travis Overpass,Westside,2023-03-04
Eugene,Thompson,eugene.thompson@kestra.io,1286 Wolfe Fork Suite 793,Roblesland,2022-06-19
Rhonda,Munoz,rhonda.munoz@kestra.io,2665 John Passage,Amyfort,2023-04-17
Linda,Gomez,linda.gomez@kestra.io,483 Michael Squares,Cristianhaven,2023-04-01
Christina,Taylor,christina.taylor@kestra.io,366 Susan Stream Suite 565,New Georgeburgh,2022-06-20
Kristin,Ramos,kristin.ramos@kestra.io,46899 Samuel Summit Suite 013,Carolineville,2022-07-23
Maria,Roth,maria.roth@kestra.io,3139 Gonzalez Creek Apt. 726,Port Carolburgh,2022-04-07
Wendy,Conner,wendy.conner@kestra.io,110 Jackson Ports Suite 876,Jenningsborough,2022-10-20
Amy,Miller,amy.miller@kestra.io,4030 Holder Drives,West Juan,2023-07-19
Amanda,Hansen,amanda.hansen@kestra.io,444 Myers Court Apt. 302,Vancetown,2023-02-17
Lisa,Robinson,lisa.robinson@kestra.io,63653 Crystal Drives,Smithmouth,2022-05-28
Philip,Warner,philip.warner@kestra.io,000 Burton Common Apt. 614,New Garyberg,2023-01-05
Jack,Clarke,jack.clarke@kestra.io,7183 Travis Run Suite 635,Kirbyberg,2022-02-17
Edward,Welch,edward.welch@kestra.io,08996 Sandra Drives Apt. 140,Lake Pedro,2023-07-08
Melissa,Watkins,melissa.watkins@kestra.io,44970 Miranda Plaza Suite 058,New Evan,2022-06-01
Sharon,Owens,sharon.owens@kestra.io,0344 Thomas Extensions Apt. 031,Paulbury,2023-07-23
Jeanne,Huffman,jeanne.huffman@kestra.io,9090 Trevor Pike Apt. 711,Torresland,2023-05-16
Mark,Meyer,mark.meyer@kestra.io,126 Billy Fort Apt. 838,Lake Jennifer,2022-10-29
Katherine,Wright,katherine.wright@kestra.io,5103 Traci View Apt. 549,Jenniferberg,2022-05-09
Derrick,Black,derrick.black@kestra.io,6036 Ramsey Street,Lake Alicia,2022-06-27
Rachel,Clark,rachel.clark@kestra.io,804 Martinez Motorway Apt. 135,West Kellie,2022-09-30
Pamela,Terry,pamela.terry@kestra.io,4956 Pennington Station,Port Erin,2022-10-23
James,Rodriguez,james.rodriguez@kestra.io,64313 Elizabeth Shores,Turnerhaven,2023-03-15
Joseph,Douglas,joseph.douglas@kestra.io,6392 Lee Trail Suite 030,North Shannonview,2023-05-08
John,Duffy,john.duffy@kestra.io,430 Clark Knolls,Curryfort,2022-08-27
Edward,Warner,edward.warner@kestra.io,3267 Robert Shores Apt. 443,Figueroachester,2022-10-10
Sarah,Young,sarah.young@kestra.io,760 Justin Trail,Millerbury,2023-03-05
Cindy,Clark,cindy.clark@kestra.io,187 Jeremiah Orchard Apt. 294,West Wandastad,2022-05-04
Kayla,Diaz,kayla.diaz@kestra.io,84878 Heather Stravenue,Whiteshire,2022-07-09
Eric,Lee,eric.lee@kestra.io,4894 Neal Green Apt. 960,Dannyland,2022-12-13
Joseph,Faulkner,joseph.faulkner@kestra.io,0984 Patricia Lights,Davisside,2023-04-20
Chloe,Owens,chloe.owens@kestra.io,92604 Young Dam,Wellshaven,2023-01-07
Albert,Garcia,albert.garcia@kestra.io,054 Danielle Points,North Kathleenport,2022-12-06
Kimberly,Hurley,kimberly.hurley@kestra.io,72930 Jason Mountain,Andersonland,2022-05-13
Eric,Parker,eric.parker@kestra.io,19402 Jones Center,Port Charleshaven,2023-06-15
Jodi,Mcdonald,jodi.mcdonald@kestra.io,691 Keller Loop,Santanafurt,2022-08-31
Jonathan,Martin,jonathan.martin@kestra.io,583 Johnson Run,Port Joanton,2022-04-21
Renee,Schneider,renee.schneider@kestra.io,470 Henry Green,Robertstad,2022-06-25
Tracy,Becker,tracy.becker@kestra.io,38137 Johnson Corners Apt. 169,Pearsonfurt,2023-01-25
Megan,Douglas,megan.douglas@kestra.io,3467 Rowland Common,South Nancy,2022-09-29
Nathan,Williams,nathan.williams@kestra.io,133 Soto Manors Suite 029,Port Kelsey,2023-03-24
Mary,Olsen,mary.olsen@kestra.io,7738 Knox Forge Apt. 875,Hodgemouth,2023-03-25
Laura,Rodriguez,laura.rodriguez@kestra.io,1895 Murphy Village Apt. 034,Carrberg,2022-02-27
Shawn,Robinson,shawn.robinson@kestra.io,932 Carolyn Plaza,Grahamberg,2022-11-09
Linda,Gomez,linda.gomez@kestra.io,87004 Ward Curve Suite 618,Theresaborough,2022-03-10
Ronald,Harris,ronald.harris@kestra.io,16449 Park Harbors,Armstrongchester,2022-04-23
Danielle,Johnson,danielle.johnson@kestra.io,4948 Anne Mill Suite 353,West Deniseport,2022-08-06
Michele,Evans,michele.evans@kestra.io,98680 Amanda Summit,West Kathleenfort,2023-06-14
Eduardo,Fisher,eduardo.fisher@kestra.io,37109 Padilla Circles,Mariaburgh,2022-04-17
Maria,Robertson,maria.robertson@kestra.io,1023 Shelby Plains,Heatherfurt,2023-03-04
James,White,james.white@kestra.io,061 Martin Locks,Lake Carolinefort,2022-04-01
David,Brewer,david.brewer@kestra.io,79380 Salazar Alley Suite 032,North Crystalmouth,2022-12-28
Tyler,Avery,tyler.avery@kestra.io,2598 Robert Highway Apt. 929,Smithberg,2023-03-10
Megan,Taylor,megan.taylor@kestra.io,6307 Timothy Hollow,Dustinhaven,2023-07-28
Donna,Barton,donna.barton@kestra.io,0238 Kimberly Estates Suite 555,South Bobside,2023-04-22
Holly,Cunningham,holly.cunningham@kestra.io,77191 Clarke Way Suite 975,North Lisa,2022-09-17
Kara,Morales,kara.morales@kestra.io,373 Hall Fields,New Michaeltown,2022-08-15
Glenn,Ramirez,glenn.ramirez@kestra.io,1077 Simpson Estates,Danielside,2023-04-04
Christina,Oconnor,christina.oconnor@kestra.io,3822 Santiago Track,East Johnmouth,2023-05-01
Henry,Williams,henry.williams@kestra.io,0623 Jordan Inlet,West Brian,2023-03-19
Brittany,George,brittany.george@kestra.io,542 Ruiz Drive,North Josephburgh,2022-05-03
Kimberly,Dunn,kimberly.dunn@kestra.io,1176 Riley Inlet Apt. 447,Phillipsmouth,2023-02-26
Scott,Black,scott.black@kestra.io,72241 Allison Causeway Suite 941,Munozberg,2023-04-14
Whitney,Barrett,whitney.barrett@kestra.io,40183 Mitchell Island,East Justin,2023-04-22
Joseph,Long,joseph.long@kestra.io,9749 Michael River,Lake Briannatown,2023-04-09
Nicholas,Morrow,nicholas.morrow@kestra.io,68333 Smith Alley,New Cathyshire,2023-01-02
Gwendolyn,Torres,gwendolyn.torres@kestra.io,941 Jill Burgs Apt. 085,Ruthbury,2022-12-09
Joshua,Lee,joshua.lee@kestra.io,1442 Linda Divide Suite 353,Charlesfort,2022-03-15
Michael,Hill,michael.hill@kestra.io,379 Veronica Corner,Woodardborough,2023-06-02
Matthew,Reid,matthew.reid@kestra.io,32463 Hensley Pass Suite 469,Jodishire,2023-06-30
Jennifer,Hoffman,jennifer.hoffman@kestra.io,38626 Ronald Roads,Lake Maria,2022-07-21
Joseph,Kelly,joseph.kelly@kestra.io,6649 Thomas Wall Suite 432,Davisland,2023-04-02
Christopher,Cruz,christopher.cruz@kestra.io,70826 Wilson Plaza Apt. 191,Catherinetown,2023-02-26
Andrew,Jones,andrew.jones@kestra.io,25723 Williams Canyon Apt. 476,Christinashire,2023-04-11
Richard,Hernandez,richard.hernandez@kestra.io,7743 Vincent Wall,Lake Samanthaport,2023-05-24
Travis,Green,travis.green@kestra.io,82816 Cummings Springs Apt. 970,Ryanstad,2022-04-13
Meghan,Landry,meghan.landry@kestra.io,629 Miller Point Apt. 039,Reynoldsside,2023-02-18
Jasmine,Sparks,jasmine.sparks@kestra.io,497 Turner Plains,Kennethfort,2022-09-28
Kristen,Frye,kristen.frye@kestra.io,6586 Michael Inlet Suite 303,Huffland,2022-05-31
Mason,Roberts,mason.roberts@kestra.io,468 Justin Estates Suite 707,Justinport,2023-03-16
Wendy,Salazar,wendy.salazar@kestra.io,84464 Carla Shore Suite 270,New Jayberg,2023-04-25
David,Alexander,david.alexander@kestra.io,8977 Paul Hills,South Courtneyfurt,2022-12-30
Jessica,Brown,jessica.brown@kestra.io,6777 Alexis Flats Apt. 430,Stacyfurt,2022-10-14
Rebecca,Weaver,rebecca.weaver@kestra.io,40494 Kylie Prairie,Shermanland,2022-03-19
Melissa,Rojas,melissa.rojas@kestra.io,3846 Davidson Rest,Andrewville,2022-02-04
Sandra,Vaughn,sandra.vaughn@kestra.io,6343 Walker Island Apt. 945,New David,2022-05-10
Keith,Kim,keith.kim@kestra.io,45307 Miller Field,Jordanborough,2023-02-21
Ashley,Glenn,ashley.glenn@kestra.io,13752 Chelsea Inlet Apt. 256,New Angela,2022-07-01
Brendan,Turner,brendan.turner@kestra.io,896 Lloyd Unions Apt. 219,South Matthew,2023-05-30
Tara,Jackson,tara.jackson@kestra.io,43965 Howard Trail Apt. 558,Kellyton,2022-09-27
Louis,Reyes,louis.reyes@kestra.io,9175 Matthew Expressway Suite 043,Micheleburgh,2022-04-16
Cindy,Berry,cindy.berry@kestra.io,99560 Bianca Cove Suite 804,Port Erin,2022-10-05
Caroline,Guzman,caroline.guzman@kestra.io,11447 Powell Corners,Robertville,2022-06-13
Kara,Brooks,kara.brooks@kestra.io,35872 Scott Flats Apt. 205,Ramosborough,2023-03-27
Sharon,Sanders,sharon.sanders@kestra.io,438 Mcintosh Throughway Apt. 190,Port Jill,2023-04-16
Mary,Fox,mary.fox@kestra.io,963 Shepherd Loaf,West Stephaniefort,2022-12-12
Cathy,Hall,cathy.hall@kestra.io,62108 Mcintyre Pass,West Robert,2023-07-30
Ashley,Cline,ashley.cline@kestra.io,6611 Cook River,New Aprilville,2022-09-23
Christian,Dawson,christian.dawson@kestra.io,60815 Lorraine Valleys,Port Tammy,2022-07-13
Amanda,Foley,amanda.foley@kestra.io,40408 Harmon Valleys,Port Kimberly,2022-04-17
Anthony,Cox,anthony.cox@kestra.io,438 Young Square Apt. 027,New Jeremyland,2022-09-27
Seth,Harrison,seth.harrison@kestra.io,346 Mary Station Apt. 965,Riggsberg,2023-04-08
Daniel,Johnson,daniel.johnson@kestra.io,49609 Bailey Parks,New Katherinefort,2023-03-28
Samantha,Berger,samantha.berger@kestra.io,67914 Doyle Meadow Suite 542,West Thomas,2022-07-09
Natasha,Rogers,natasha.rogers@kestra.io,836 Vazquez Club,Miguelville,2022-08-26
Timothy,Bird,timothy.bird@kestra.io,28828 Lisa Isle Suite 885,New Shannon,2022-06-29
Carmen,Garcia,carmen.garcia@kestra.io,72082 Christy River,South Travistown,2022-12-26
Allen,Montgomery,allen.montgomery@kestra.io,050 Heath Walks,West Wendyside,2022-08-19
Tamara,Tran,tamara.tran@kestra.io,402 Lisa Island,North Edwin,2023-06-01
Glenn,Bush,glenn.bush@kestra.io,1529 Amy Landing Suite 966,East Tiffanystad,2023-06-07
Darren,Young,darren.young@kestra.io,0142 Nicholas Hills,Raybury,2022-02-10
Debbie,Paul,debbie.paul@kestra.io,878 Mcdonald Estates,North Stephenland,2022-02-16
Felicia,Gray,felicia.gray@kestra.io,0663 Anderson Village Suite 540,North Mark,2022-03-16
Lisa,Michael,lisa.michael@kestra.io,436 Cruz Plains,Anthonyshire,2022-02-16
Sherry,Berry,sherry.berry@kestra.io,489 Jacqueline Heights,Baileyshire,2023-03-05
Justin,Wagner,justin.wagner@kestra.io,3110 Luna Causeway,Natalieport,2022-02-26
Stephen,Collins,stephen.collins@kestra.io,1243 Hannah Land Suite 711,West Todd,2023-05-24
David,Phelps,david.phelps@kestra.io,5186 Gregory Inlet Suite 827,Port Erin,2023-07-03
Andrew,Johnson,andrew.johnson@kestra.io,6310 Brady Camp Apt. 065,Port Heatherfurt,2023-04-07
Kelly,Peterson,kelly.peterson@kestra.io,71489 John Courts,East Philip,2023-04-09
Kelly,Hodge,kelly.hodge@kestra.io,042 Rebecca Port Apt. 586,Port Laurabury,2022-05-28
Jesse,Heath,jesse.heath@kestra.io,3293 Albert Summit Suite 045,Port Kim,2022-02-14
Sean,Sandoval,sean.sandoval@kestra.io,367 Daniel Run Apt. 646,Smithfort,2023-01-03
Latoya,Williams,latoya.williams@kestra.io,09406 Wilson Vista,South Isabellastad,2023-05-20
Daniel,Bryant,daniel.bryant@kestra.io,9794 Chandler Crossing,Emilyport,2022-12-31
Jeffery,Braun,jeffery.braun@kestra.io,035 Patrick Squares Apt. 719,Lawsonmouth,2022-04-19
John,Lucero,john.lucero@kestra.io,71314 Parsons Mill Suite 910,Darrenfort,2022-04-03
Jenny,Moses,jenny.moses@kestra.io,43406 Brock Glen Suite 138,Schmitthaven,2022-09-18
David,Booth,david.booth@kestra.io,34280 Pratt Crossroad,Fisherhaven,2023-01-27
Emma,Simmons,emma.simmons@kestra.io,73768 Gutierrez Pines,Jamesfurt,2022-08-09
Stacey,Pearson,stacey.pearson@kestra.io,9706 Smith Mountain Suite 773,Alexashire,2023-06-29
Andrew,Young,andrew.young@kestra.io,74335 Smith Circle,Barnesland,2022-11-01
Juan,Barrera,juan.barrera@kestra.io,9297 Karen Village,Lewisfort,2022-05-22
Kimberly,Spencer,kimberly.spencer@kestra.io,013 John Locks Apt. 299,Anthonyside,2023-07-12
Paul,Kelly,paul.kelly@kestra.io,46548 David Well,West Aprilland,2023-04-23
Troy,Novak,troy.novak@kestra.io,75375 Williams Field Apt. 044,South Kimberlyshire,2023-01-13
Grace,Mclean,grace.mclean@kestra.io,914 Anthony Shoals,West Priscilla,2022-04-23
Larry,Cabrera,larry.cabrera@kestra.io,783 Adams Valleys Apt. 004,Jeffreyland,2023-07-12
Linda,Butler,linda.butler@kestra.io,7859 Joshua Inlet,Christopherburgh,2023-07-11
Megan,Klein,megan.klein@kestra.io,8473 Brooks Crescent Suite 775,Reeseland,2022-10-07
Christina,Le,christina.le@kestra.io,8782 Melody Underpass,South Antonio,2022-11-15
Benjamin,Chen,benjamin.chen@kestra.io,105 Chen Mountains Apt. 449,Josephside,2022-12-09
Molly,Roy,molly.roy@kestra.io,783 Samantha Street,Fitzpatrickton,2023-07-12
Melanie,Mcdonald,melanie.mcdonald@kestra.io,10808 Ricardo Extension Suite 846,Smithborough,2022-12-21
Deborah,Hess,deborah.hess@kestra.io,59842 Kevin Throughway Suite 453,South Richardville,2022-05-04
Katie,Rodgers,katie.rodgers@kestra.io,7834 Joshua Key,Palmerton,2023-02-05
Ricardo,Lozano,ricardo.lozano@kestra.io,516 William Path,Fostermouth,2023-01-12
Russell,Mccoy,russell.mccoy@kestra.io,5266 Williams Freeway,South William,2023-06-21
Lori,Hunter,lori.hunter@kestra.io,0366 Lopez Parkway Suite 828,East Robert,2022-09-13
Jonathon,Ellis,jonathon.ellis@kestra.io,293 Hernandez Grove Apt. 930,Lake Ethanmouth,2022-12-31
Matthew,Robinson,matthew.robinson@kestra.io,0772 William Walk Apt. 071,Gomezview,2022-05-11
Katie,Proctor,katie.proctor@kestra.io,61828 Martinez Shoals,Tinachester,2022-05-14
Juan,Wilson,juan.wilson@kestra.io,724 Derek Plaza,East Kristina,2022-04-05
Marcus,Villegas,marcus.villegas@kestra.io,952 Lydia Trace,East Jennifer,2022-10-06
Anita,Peters,anita.peters@kestra.io,11492 Jerry Shoals,South Melissa,2023-03-20
Travis,Garner,travis.garner@kestra.io,543 Kelli Fort,Braybury,2022-05-22
Denise,Cantu,denise.cantu@kestra.io,6776 Campbell Trail,Beckerchester,2022-08-01
Adam,Durham,adam.durham@kestra.io,436 Moses Estates,Michaelshire,2022-10-03
Michael,Campos,michael.campos@kestra.io,797 Bell Vista,Millerview,2023-04-11
Lisa,Cole,lisa.cole@kestra.io,6804 Alan Prairie,Robinsonside,2023-02-09
Kristi,Hill,kristi.hill@kestra.io,6672 Weeks Terrace Suite 320,Davidstad,2023-06-10
Lisa,Davidson,lisa.davidson@kestra.io,42003 Heidi Fort,New Susantown,2022-03-08
Rebecca,Levine,rebecca.levine@kestra.io,16785 Jessica Pine,Holmestown,2022-08-14
Ashley,Waters,ashley.waters@kestra.io,8697 Rogers Fork,East Tina,2022-10-01
Margaret,Fleming,margaret.fleming@kestra.io,755 Mathis Manor Suite 321,Richardsontown,2023-05-14
Andrew,Holloway,andrew.holloway@kestra.io,9123 Wilson Field Suite 771,North Brookemouth,2022-09-15
Daniel,Fletcher,daniel.fletcher@kestra.io,7855 Paul Points,New Crystal,2023-05-24
Michael,Williams,michael.williams@kestra.io,3653 Ronnie Estates Suite 840,Port Toddborough,2023-02-13
Jessica,Perez,jessica.perez@kestra.io,86438 Howard Ports Suite 378,West Diana,2023-07-05
Heidi,Pittman,heidi.pittman@kestra.io,00170 Bethany Stravenue Apt. 549,Trevinoport,2023-06-02
Dawn,Wilson,dawn.wilson@kestra.io,45166 Roberts Inlet Suite 358,Mitchellfort,2023-03-04
Melanie,Davidson,melanie.davidson@kestra.io,299 Ross Plains,Olsonton,2022-06-05
Christopher,Ibarra,christopher.ibarra@kestra.io,85060 Aguilar Pine Apt. 810,South Rodney,2022-09-21
Michelle,Roberts,michelle.roberts@kestra.io,7383 Angela Course Apt. 705,Robertton,2022-03-01
Adam,Evans,adam.evans@kestra.io,01164 Sabrina Roads,Jamesbury,2022-12-04
Adrian,Johnson,adrian.johnson@kestra.io,238 Tammy Valleys,Lake Ericastad,2023-05-07
Veronica,Christensen,veronica.christensen@kestra.io,40790 Henry Road Suite 078,Port Scott,2022-02-08
Patricia,Whitney,patricia.whitney@kestra.io,20152 Catherine Station Apt. 354,Nathanside,2023-05-24
Michael,Johns,michael.johns@kestra.io,59702 Kenneth Plain Apt. 961,New Michael,2022-10-08
Christopher,Nunez,christopher.nunez@kestra.io,59038 Rachel Turnpike Suite 402,Patrickstad,2022-09-23
Keith,Mclean,keith.mclean@kestra.io,5599 Glenn Union,Dennisstad,2022-02-17
Eric,Leblanc,eric.leblanc@kestra.io,63769 Marshall Trace Apt. 777,Danamouth,2022-04-10
Susan,Woodard,susan.woodard@kestra.io,234 Jared Lodge,Cynthiamouth,2022-07-30
Rickey,Mendez,rickey.mendez@kestra.io,838 Ramos Forest Suite 925,Campbellside,2023-03-19
Erica,Cross,erica.cross@kestra.io,7283 Lynch Haven,Samuelport,2023-02-17
Melanie,Perkins,melanie.perkins@kestra.io,3896 Rodriguez Extension Apt. 707,Amandaport,2022-09-29
Hannah,Stewart,hannah.stewart@kestra.io,5450 Holder Place Apt. 184,West Johntown,2022-01-31
Jessica,Walker,jessica.walker@kestra.io,296 Francis Greens,North Matthew,2023-07-30
Joshua,Griffith,joshua.griffith@kestra.io,55588 Mark Crescent,Thomasmouth,2023-05-17
Kim,Sandoval,kim.sandoval@kestra.io,024 Ellen Way Suite 846,Port Austinmouth,2022-07-07
William,Mccoy,william.mccoy@kestra.io,576 Rebekah Vista,South Justinstad,2023-03-21
Sandra,Moon,sandra.moon@kestra.io,9720 Avery Gateway,New Todd,2022-11-08
Melissa,Hoffman,melissa.hoffman@kestra.io,8389 Hayes Mountain,Danielchester,2023-02-22
Kathleen,Holden,kathleen.holden@kestra.io,35793 Robinson Divide Apt. 893,Daughertyfort,2022-07-28
Michael,Riley,michael.riley@kestra.io,2534 Eric Walks Suite 193,New Karenstad,2023-01-30
Brian,Bryant,brian.bryant@kestra.io,9812 Benton Shores,New Edward,2022-03-18
Jessica,Davis,jessica.davis@kestra.io,8424 Bennett Rest,East Valerieport,2023-07-02
Edward,Mitchell,edward.mitchell@kestra.io,84127 Warner Divide Apt. 683,Sarahshire,2022-08-19
Sarah,Rivera,sarah.rivera@kestra.io,47634 Reed Ports Apt. 592,Lindaburgh,2023-01-04
Susan,Lopez,susan.lopez@kestra.io,8545 Stephens Flat,Andrehaven,2022-09-22
Timothy,Becker,timothy.becker@kestra.io,83475 George Street Suite 519,Chelseachester,2022-07-12
Seth,Cochran,seth.cochran@kestra.io,855 Justin Point,Jonton,2023-03-06
Matthew,Lopez,matthew.lopez@kestra.io,326 Shepherd Motorway,Carlosburgh,2022-03-15
Charles,Jones,charles.jones@kestra.io,231 Juan Alley,Lake Dawn,2022-07-13
Dominique,Hoffman,dominique.hoffman@kestra.io,51739 Holland Ports,Port Kevin,2023-06-30
Blake,Pittman,blake.pittman@kestra.io,523 Horn Fork,Joycebury,2023-01-21
Kimberly,Warner,kimberly.warner@kestra.io,09363 Jeffrey Mount Suite 682,Port Dawnview,2022-09-09
Gary,Ramos,gary.ramos@kestra.io,5809 Williams Passage,East Jasonside,2023-05-04
Jacqueline,Walker,jacqueline.walker@kestra.io,22021 David Corner,East Debra,2022-07-12
Mark,Dean,mark.dean@kestra.io,151 Nicole Walk Suite 759,Theresaborough,2023-01-14
Timothy,Jimenez,timothy.jimenez@kestra.io,34014 Michelle Summit,Rodriguezside,2023-02-18
Sandra,Cortez,sandra.cortez@kestra.io,0557 Renee Mills,Lake Timothy,2023-02-23
Gregory,Espinoza,gregory.espinoza@kestra.io,7033 Cowan Junction,Michelleshire,2022-06-12
Mark,Simmons,mark.simmons@kestra.io,443 Taylor Valleys,New Megan,2022-07-24
Justin,Williams,justin.williams@kestra.io,26040 Tony Coves,Lake Cynthia,2022-12-30
Christopher,Clark,christopher.clark@kestra.io,561 Joel Way,Jeremystad,2022-11-24
Michele,Koch,michele.koch@kestra.io,2350 Cassandra Forks Suite 293,Powellshire,2022-12-20
Crystal,Roberts,crystal.roberts@kestra.io,8446 Hanson Burg Apt. 760,Angelaburgh,2023-03-03
Steven,Harris,steven.harris@kestra.io,2821 Lee Road Apt. 021,East Stephanie,2022-10-23
Alexandra,Benson,alexandra.benson@kestra.io,17760 Miller Creek Apt. 951,Port Jessicafort,2023-05-27
Roger,Martinez,roger.martinez@kestra.io,55051 Katherine Mill,West Natasha,2022-08-13
Whitney,Johnson,whitney.johnson@kestra.io,6875 Michael Estates Suite 336,Lucasfurt,2022-12-22
William,Perez,william.perez@kestra.io,04478 Torres Ford Suite 123,South Briana,2022-03-02
Mario,Huffman,mario.huffman@kestra.io,619 Ryan Spring Apt. 347,East Ebonychester,2022-11-12
Melinda,Larson,melinda.larson@kestra.io,4589 Ryan Camp,Jeremyport,2023-04-24
Jenny,Martin,jenny.martin@kestra.io,9495 Jimmy Corner Apt. 479,East Ryan,2022-09-03
David,Ballard,david.ballard@kestra.io,4422 Fitzpatrick Hollow Suite 548,Port Amyburgh,2022-10-07
Rachel,Daniel,rachel.daniel@kestra.io,3716 Abigail Junctions,Reesefurt,2022-09-07
Karen,Stewart,karen.stewart@kestra.io,7350 Bass Port,Lindahaven,2023-07-20
Richard,Pruitt,richard.pruitt@kestra.io,7575 Smith Fords,North Robertview,2022-02-24
Joshua,Garcia,joshua.garcia@kestra.io,6814 Rodriguez Village,Jenniferville,2022-04-09
Marie,Winters,marie.winters@kestra.io,0669 Hendricks Throughway,Sherryville,2023-02-10
Brad,Gould,brad.gould@kestra.io,97578 Mitchell Square Suite 708,North Alexis,2022-03-19
William,Mcdonald,william.mcdonald@kestra.io,88070 Rhonda Street,Carolynside,2022-03-03
Gregory,Ward,gregory.ward@kestra.io,28552 Stephanie Trail Apt. 538,Lake Ricardo,2022-07-28
Charles,Jones,charles.jones@kestra.io,522 Jeffrey Circles,New Kaylaside,2022-03-27
Amanda,Aguilar,amanda.aguilar@kestra.io,655 Joshua Parkways Suite 282,Angelabury,2022-02-17
Joshua,Thomas,joshua.thomas@kestra.io,31634 Joel Pass Suite 787,Port Keith,2022-03-28
Sandra,Barnett,sandra.barnett@kestra.io,79091 Willie Road,East Josephmouth,2023-01-23
Matthew,Vargas,matthew.vargas@kestra.io,466 Johnston Landing Suite 559,West Carmen,2023-05-04
Richard,Leblanc,richard.leblanc@kestra.io,701 Brian Squares Apt. 383,East Chrisbury,2023-05-10
Sarah,Duffy,sarah.duffy@kestra.io,24120 Morris Parkway,Lake Anthony,2022-09-18
Zachary,Price,zachary.price@kestra.io,4564 Barry Greens Suite 026,Harrismouth,2022-04-02
Joanna,Perez,joanna.perez@kestra.io,07300 Matthew Hill Apt. 180,Port Christopher,2023-07-20
Christopher,Barton,christopher.barton@kestra.io,9862 Caleb Motorway Apt. 346,South Jamie,2022-05-29
Amanda,Hoffman,amanda.hoffman@kestra.io,49955 Kimberly Mall,Valentinemouth,2022-11-15
Jill,Torres,jill.torres@kestra.io,55296 Ashley Inlet Apt. 963,Dorothyside,2023-02-06
Tyler,Hawkins,tyler.hawkins@kestra.io,288 Ray Light Apt. 637,Lake Josephton,2023-03-16
Craig,Woodard,craig.woodard@kestra.io,647 Thomas Port,Victoriachester,2023-04-23
Emma,Bowman,emma.bowman@kestra.io,2393 Bell Viaduct Apt. 569,West Joanna,2023-05-27
Jerry,Mccarthy,jerry.mccarthy@kestra.io,29418 Reed Manor,Richardville,2022-10-26
Troy,Griffin,troy.griffin@kestra.io,3168 Melinda Islands,West Elizabethmouth,2022-08-07
Sean,Moore,sean.moore@kestra.io,185 Hester Springs,Port Anthonyland,2022-07-10
Kenneth,May,kenneth.may@kestra.io,901 Campbell Mall Apt. 346,Leachfort,2022-02-16
Thomas,Myers,thomas.myers@kestra.io,84101 Robert Prairie,South Noahland,2023-06-26
James,Miller,james.miller@kestra.io,3880 Fernandez Gardens,Christopherfurt,2022-03-21
Heather,Rogers,heather.rogers@kestra.io,2481 Cooper Mountain,Kathrynstad,2023-03-01
Jessica,Valenzuela,jessica.valenzuela@kestra.io,951 Reed Mountain Apt. 567,East Brentchester,2022-06-01
Ryan,Harrison,ryan.harrison@kestra.io,1869 Murray Bridge Suite 616,North Oscar,2022-10-16
Michael,Williams,michael.williams@kestra.io,758 Kelly Shore,West Jenniferburgh,2022-12-26
Scott,Hopkins,scott.hopkins@kestra.io,713 Young Ville,Davistown,2022-10-03
Nicole,Horne,nicole.horne@kestra.io,266 Deborah Park Apt. 633,Patrickshire,2023-07-30
Brandi,Marquez,brandi.marquez@kestra.io,3486 Joseph View Suite 145,Silvatown,2023-05-28
John,Howard,john.howard@kestra.io,81484 Anthony Walks,Jenniferton,2023-02-10
Leslie,Dudley,leslie.dudley@kestra.io,73052 Santos Street Apt. 951,Port Ryan,2022-07-31
Charles,Lewis,charles.lewis@kestra.io,041 Duke Field,North Adam,2023-01-25
Harry,Hanson,harry.hanson@kestra.io,878 Donald Bridge Apt. 623,Jacksonville,2023-03-08
Carlos,George,carlos.george@kestra.io,127 Delacruz Avenue Suite 834,Michelleview,2022-09-16
Tanner,Osborn,tanner.osborn@kestra.io,829 Henderson Dam,Christineville,2022-06-29
Danielle,Hughes,danielle.hughes@kestra.io,52035 Emily Manors,East Matthewview,2022-12-08
Kelly,Johnson,kelly.johnson@kestra.io,925 Hector Path,Lake Connor,2022-08-27
Catherine,Howard,catherine.howard@kestra.io,551 Grant Rapid,Judyburgh,2022-04-07
Richard,Robinson,richard.robinson@kestra.io,12746 Shane Course Apt. 662,Coreymouth,2022-11-22
Martha,Campbell,martha.campbell@kestra.io,75426 Connie Hill,North Courtneystad,2022-03-11
Brandon,Woods,brandon.woods@kestra.io,0420 Alexandra Coves Apt. 564,Hamiltonfort,2023-06-10
Kathleen,Shaffer,kathleen.shaffer@kestra.io,519 Lewis Forge Apt. 733,New Scott,2023-02-25
Zachary,Mccall,zachary.mccall@kestra.io,745 Scott Drives,North Micheleshire,2023-05-23
John,Beltran,john.beltran@kestra.io,55177 Ashley Crossing,Stokestown,2023-07-13
Andrew,Williams,andrew.williams@kestra.io,5029 Linda Islands,Amandabury,2023-07-07
Erin,Jackson,erin.jackson@kestra.io,2083 Joy Walks Apt. 998,Charlesport,2022-05-13
Craig,Spence,craig.spence@kestra.io,14029 Cynthia Underpass,West Kevin,2023-04-08
Thomas,Allen,thomas.allen@kestra.io,468 Joshua Place Apt. 543,Nicholschester,2023-07-18
Tracy,Wiggins,tracy.wiggins@kestra.io,673 Jon Fort Suite 338,East Isaiahstad,2022-04-25
Joshua,Jones,joshua.jones@kestra.io,452 Mullins Drive Apt. 784,Colemanfurt,2023-02-24
Kathy,Miller,kathy.miller@kestra.io,3055 Jimmy Ranch Suite 935,Kevinshire,2023-06-24
Thomas,Jordan,thomas.jordan@kestra.io,0277 Roberto Mission,North Anafurt,2022-07-24
Jasmine,Stewart,jasmine.stewart@kestra.io,242 Stephen Harbor,West Steven,2022-08-14
Anna,Brown,anna.brown@kestra.io,67611 Anderson Course,Cainland,2022-08-21
Kevin,Gilbert,kevin.gilbert@kestra.io,66910 Kent Wall,Williamstown,2022-03-31
Jeffrey,Lucas,jeffrey.lucas@kestra.io,379 Andrea Center Suite 110,Snowshire,2022-04-02
Michael,Schneider,michael.schneider@kestra.io,182 Payne Street Apt. 086,Nicholasmouth,2022-12-15
Susan,Brown,susan.brown@kestra.io,8718 Colleen Shoals Suite 221,Margaretbury,2022-09-08
Jonathan,Salas,jonathan.salas@kestra.io,856 John Alley,Ronaldport,2022-12-24
Leah,Blackwell,leah.blackwell@kestra.io,26306 Lang Run,Jenniferview,2022-05-21
Sonya,Rodriguez,sonya.rodriguez@kestra.io,037 Barrett Place,Spencerfort,2022-08-03
Douglas,Mathis,douglas.mathis@kestra.io,5196 Richardson Villages Suite 647,Lopezstad,2022-10-09
Susan,Hood,susan.hood@kestra.io,8025 Day Lights,New Mercedesmouth,2022-05-30
Bianca,Jones,bianca.jones@kestra.io,706 Heather Parkway Suite 759,East Marcus,2023-02-10
Dorothy,Jones,dorothy.jones@kestra.io,40094 Fleming Trail,Patrickfurt,2022-04-29
Henry,Baker,henry.baker@kestra.io,6614 Jay Road,Bakerborough,2022-10-24
Amy,Contreras,amy.contreras@kestra.io,0837 Ortiz Ferry,West Jamesfort,2023-07-12
Laura,Thompson,laura.thompson@kestra.io,140 Ross Crossroad Apt. 949,Tabithabury,2022-08-08
Candice,Kelly,candice.kelly@kestra.io,429 James Spring Apt. 623,Lake Katelyn,2023-05-25
Crystal,Summers,crystal.summers@kestra.io,3887 Davis Manors,Shannonmouth,2022-05-26
Patty,Shields,patty.shields@kestra.io,8519 Baker Curve,North Elizabethberg,2022-12-12
Sarah,Garcia,sarah.garcia@kestra.io,8364 Nathaniel Fort,New Raymond,2022-09-25
John,Johnson,john.johnson@kestra.io,277 Oneill Cliffs,East Katherinemouth,2023-07-25
David,Alvarez,david.alvarez@kestra.io,5060 Jason Loaf Apt. 036,Gardnertown,2023-02-01
Kim,Palmer,kim.palmer@kestra.io,68970 Jason Corners Suite 205,Parkerfurt,2022-06-13
Rebekah,Nguyen,rebekah.nguyen@kestra.io,4968 Holmes Flats Suite 100,East Austin,2022-06-03
Thomas,Valentine,thomas.valentine@kestra.io,1310 Harris Lodge,Dawsonmouth,2022-09-20
Teresa,Marshall,teresa.marshall@kestra.io,64870 Larry Rapids Suite 023,Beverlyshire,2023-01-25
Brandon,Collins,brandon.collins@kestra.io,32220 Adam Stream Apt. 975,New Alexmouth,2022-07-14
Nicole,Brennan,nicole.brennan@kestra.io,31085 Emily Parks,Lake Nathantown,2022-08-31
Stacey,Franco,stacey.franco@kestra.io,22102 David Viaduct,Dawsonville,2022-08-16
Karen,Harper,karen.harper@kestra.io,909 Alexander Groves,Kristintown,2022-10-08
Susan,Haynes,susan.haynes@kestra.io,2513 Renee Course,West Karenville,2022-12-12
Jessica,Gonzales,jessica.gonzales@kestra.io,60772 Reynolds Haven Apt. 698,Jacksonport,2022-05-22
Amy,Martin,amy.martin@kestra.io,9931 Wright Ville,South Jordanmouth,2022-08-06
John,Perez,john.perez@kestra.io,925 Smith Parks Apt. 427,Ryanbury,2022-04-03
Barbara,Vargas,barbara.vargas@kestra.io,640 Adriana Grove Apt. 562,Kaylahaven,2023-04-16
Michelle,Mcmahon,michelle.mcmahon@kestra.io,432 Valdez Route Suite 605,Rogerston,2022-10-01
Charles,Mejia,charles.mejia@kestra.io,0320 Cooper Plains,Leahchester,2023-03-10
Amanda,Crawford,amanda.crawford@kestra.io,51084 Ryan Lodge,Lindaton,2023-02-18
Bobby,Allen,bobby.allen@kestra.io,3200 Marshall Forks,Charlesport,2022-05-10
Sarah,Nunez,sarah.nunez@kestra.io,0339 Kimberly Centers Suite 736,Watsonshire,2023-04-10
John,Chaney,john.chaney@kestra.io,6646 Carrillo Turnpike,Lake Jamesburgh,2023-06-25
Jason,Potter,jason.potter@kestra.io,6215 Shannon Mountains,East Raymond,2023-07-16
Lori,Higgins,lori.higgins@kestra.io,0804 Miller Knolls,West Theresabury,2023-06-11
Brenda,Gonzales,brenda.gonzales@kestra.io,49445 Myers Views,Lake Karenchester,2022-11-10
James,Banks,james.banks@kestra.io,1549 Rodriguez Way,Sloanport,2022-03-25
Erica,Pena,erica.pena@kestra.io,08570 Little Flat,Port Jennifer,2022-08-17
Joseph,Kelly,joseph.kelly@kestra.io,19655 Russell Locks Apt. 587,Nguyenberg,2022-05-14
Stephen,Sims,stephen.sims@kestra.io,86565 Megan Mills Apt. 217,Griffinbury,2023-04-24
Terry,Armstrong,terry.armstrong@kestra.io,2825 Russo Villages Suite 084,Smithburgh,2023-05-04
Courtney,Tucker,courtney.tucker@kestra.io,256 Patrick Shoal,Ramirezmouth,2022-09-20
Valerie,King,valerie.king@kestra.io,8363 Brown Mission Suite 706,Port Karaside,2022-11-08
James,Stewart,james.stewart@kestra.io,36563 Nathan Trafficway,Stuartstad,2022-06-08
Sheila,Crosby,sheila.crosby@kestra.io,8811 Lauren Point Apt. 497,Port Omar,2022-05-01
Brian,Peck,brian.peck@kestra.io,06357 Green Unions,Jacobtown,2022-03-12
David,Rich,david.rich@kestra.io,155 Michael Lake Apt. 729,Port Betty,2022-08-07
Luis,Schneider,luis.schneider@kestra.io,51882 Jennifer Ridges Apt. 309,North Brenda,2023-04-13
Thomas,Buchanan,thomas.buchanan@kestra.io,1547 Kaylee Cove Suite 192,Stevensshire,2022-09-10
Adam,Robinson,adam.robinson@kestra.io,365 Davis Station Suite 977,Fitzpatrickburgh,2023-05-23
Timothy,Fleming,timothy.fleming@kestra.io,7518 Hernandez Landing,East Cassandraton,2022-01-30
Christopher,Lane,christopher.lane@kestra.io,76815 Samantha Lodge Suite 116,Clarkfort,2022-12-12
Andre,Coleman,andre.coleman@kestra.io,10363 Erickson Islands,New Ashleyborough,2022-09-14
Jennifer,Thompson,jennifer.thompson@kestra.io,443 Catherine Squares Apt. 508,Ramirezton,2023-01-05
Mike,Suarez,mike.suarez@kestra.io,27099 Shaffer Cape Apt. 435,West Taylor,2022-04-09
Sara,Jones,sara.jones@kestra.io,934 Butler Port,Kevinshire,2022-07-20
Carlos,Burgess,carlos.burgess@kestra.io,1852 Noble Well,Rhondabury,2022-07-03
Sandra,Anderson,sandra.anderson@kestra.io,25496 Hughes Forges,Port Jasmineshire,2022-06-25
Lisa,Hernandez,lisa.hernandez@kestra.io,52642 Katherine Turnpike Apt. 845,Lake Shannonville,2022-06-13
John,Tate,john.tate@kestra.io,5213 Erik Square Apt. 505,East Michaelside,2023-02-28
Matthew,Romero,matthew.romero@kestra.io,3218 Valerie Mission Suite 238,Jimport,2022-03-30
Karen,Lin,karen.lin@kestra.io,704 Wilson Ramp,Hernandezbury,2022-02-06
Richard,Scott,richard.scott@kestra.io,40689 Miller Land Suite 109,West Jennifer,2022-03-21
Karen,Ferguson,karen.ferguson@kestra.io,40161 Vanessa Plaza,Emilyfurt,2022-11-12
Jill,Allen,jill.allen@kestra.io,20170 Campbell Heights,Noahland,2023-03-23
Kimberly,Smith,kimberly.smith@kestra.io,663 Stephanie Club Suite 748,East Kevinland,2022-02-10
Ann,Mckinney,ann.mckinney@kestra.io,770 Walker Club Suite 843,New Catherineland,2023-01-02
Richard,Kennedy,richard.kennedy@kestra.io,674 Laura Meadows,West Samanthaton,2022-03-28
Kayla,Mendez,kayla.mendez@kestra.io,929 Kevin Rapid,Michaelhaven,2022-02-09
Jessica,Brown,jessica.brown@kestra.io,840 Gomez Manor Suite 794,Levystad,2023-07-28
Tonya,Moore,tonya.moore@kestra.io,1236 Madison Isle Apt. 954,Duarteshire,2023-03-19
Melissa,Lutz,melissa.lutz@kestra.io,136 David Lane Suite 146,Christopherstad,2023-07-13
Christine,Gamble,christine.gamble@kestra.io,12942 Maria Mountains Apt. 968,Vanessashire,2023-01-28
Briana,Hernandez,briana.hernandez@kestra.io,120 Kimberly Summit Apt. 032,Wallacemouth,2022-12-12
Jerome,Scott,jerome.scott@kestra.io,1488 Vang Meadows,Sharpchester,2022-12-23
Charlotte,Rose,charlotte.rose@kestra.io,96546 Mccarthy Drive Suite 392,South Anthony,2022-05-26
Thomas,Collins,thomas.collins@kestra.io,1117 Jodi Shore Apt. 942,East Meghanborough,2023-01-13
Cory,Zamora,cory.zamora@kestra.io,5689 Barnes Mountains,Rodriguezberg,2022-07-05
Tyler,Johnson,tyler.johnson@kestra.io,94364 Jacob Courts Suite 857,New Jacobburgh,2022-11-27
Nicole,Calhoun,nicole.calhoun@kestra.io,8130 Barbara Corner,Port Thomasside,2023-01-04
Amy,Patterson,amy.patterson@kestra.io,03908 Emily Dam,Cherylstad,2022-10-28
Tyrone,Spencer,tyrone.spencer@kestra.io,209 Jonathan Drives Apt. 619,North Pamelaside,2022-07-03
Donna,Dudley,donna.dudley@kestra.io,67922 Erica Mission,North Kristaville,2022-08-20
Kendra,Black,kendra.black@kestra.io,8718 Casey Stream Suite 341,North Jill,2023-06-29
Lawrence,Jensen,lawrence.jensen@kestra.io,7840 Mary Circles Apt. 854,Evansborough,2023-05-31
James,Mccoy,james.mccoy@kestra.io,9980 Mcdowell Ridges,Robertton,2022-11-25
Teresa,Cuevas,teresa.cuevas@kestra.io,63171 Joseph Bypass Apt. 109,Victorfort,2022-08-03
Robyn,Pitts,robyn.pitts@kestra.io,4253 Kenneth Cliffs Apt. 928,Lake Davidtown,2023-03-12
Heather,Hebert,heather.hebert@kestra.io,0319 Waller Springs Apt. 560,Skinnerhaven,2022-09-06
Sarah,Dawson,sarah.dawson@kestra.io,39111 Conley Gateway,West Tylerchester,2022-08-11
Lynn,Johnson,lynn.johnson@kestra.io,446 Darryl Unions Apt. 152,Maxwellmouth,2022-09-12
Kimberly,Tyler,kimberly.tyler@kestra.io,99233 Rivera Crossing Suite 535,South Michelle,2023-04-18
Steven,Foster,steven.foster@kestra.io,8489 Estrada Village Suite 041,Nicholasmouth,2023-07-18
Christy,Johnson,christy.johnson@kestra.io,7576 Nelson Crossing,Lake Janetport,2022-08-25
Christian,Conner,christian.conner@kestra.io,0279 Cynthia Greens Suite 188,Brendaside,2023-02-22
Stephanie,Rhodes,stephanie.rhodes@kestra.io,88466 Moss Park Suite 327,Lake Natalie,2022-12-07
Kenneth,Jones,kenneth.jones@kestra.io,922 Thompson Trafficway,Stacymouth,2022-05-24
Jeremy,Mcdaniel,jeremy.mcdaniel@kestra.io,80558 Hurst Ville,West Sheilaborough,2022-11-03
Eric,Vega,eric.vega@kestra.io,756 Rocha Row,Karenview,2022-11-07
John,Williams,john.williams@kestra.io,828 Timothy Corner Suite 051,Sydneymouth,2023-02-24
Brenda,Blair,brenda.blair@kestra.io,54144 Reid Port Suite 693,Robynchester,2023-03-21
David,Anderson,david.anderson@kestra.io,999 Mitchell Alley Suite 819,North Ernest,2022-02-14
Benjamin,Gilbert,benjamin.gilbert@kestra.io,4279 Bridget Loop Suite 044,Lake Bobby,2023-05-18
Emily,Harmon,emily.harmon@kestra.io,251 Russo Walks,North Davidton,2022-06-27
Michael,Hoffman,michael.hoffman@kestra.io,003 Lindsay Via Suite 425,Port Amyview,2022-02-09
Shelley,Gibbs,shelley.gibbs@kestra.io,2490 Larson Parkway Apt. 401,Ashleyborough,2023-01-19
Kenneth,Ward,kenneth.ward@kestra.io,915 Smith Extension,West William,2022-11-07
Jason,Huff,jason.huff@kestra.io,505 Laura Plains,Morganborough,2022-09-02
Joshua,Howard,joshua.howard@kestra.io,29953 Brandon Plain,Port Natalie,2023-03-21
John,Palmer,john.palmer@kestra.io,0355 Kaitlin Prairie Suite 018,Hallborough,2022-04-09
Kyle,Jones,kyle.jones@kestra.io,58465 Lee Trail,Port Emily,2022-09-18
Michael,Phillips,michael.phillips@kestra.io,1673 Collins Village Apt. 066,Wallaceshire,2022-06-12
Kaitlyn,Farrell,kaitlyn.farrell@kestra.io,030 Garcia Ferry,East Cheryl,2022-05-23
Daniel,Jones,daniel.jones@kestra.io,29217 King Isle,Lake Jonathan,2022-03-25
Kyle,Rosales,kyle.rosales@kestra.io,6850 Sarah Pine,Christinaton,2023-04-10
Karen,Lara,karen.lara@kestra.io,0027 Lin Radial,West Michelleville,2023-04-11
Tina,Nelson,tina.nelson@kestra.io,6938 Smith Haven,Port Elizabeth,2023-02-24
Monica,Smith,monica.smith@kestra.io,361 Daniel Drive,Hensleyshire,2023-07-22
Nicole,White,nicole.white@kestra.io,44225 Martinez Via Apt. 391,North Nicholasside,2023-03-30
Wesley,Scott,wesley.scott@kestra.io,84032 Zimmerman Viaduct Suite 249,New Kenneth,2022-07-10
Dylan,Sanchez,dylan.sanchez@kestra.io,703 Charles Plaza,Laurahaven,2022-02-08
Joel,Lopez,joel.lopez@kestra.io,8981 Nicole Summit,Lake Luis,2022-09-26
Amanda,Patel,amanda.patel@kestra.io,420 Nathan Green Suite 853,Dominicchester,2022-03-02
Nancy,Logan,nancy.logan@kestra.io,35246 Chapman Ferry,Lake Barbaramouth,2023-07-22
Joshua,Rose,joshua.rose@kestra.io,1674 Perez Land Suite 781,New Davidmouth,2022-04-07
Robert,Porter,robert.porter@kestra.io,09593 Bennett Lock,New Katherine,2022-11-02
Colleen,Blevins,colleen.blevins@kestra.io,6795 Hunter Crossroad Apt. 981,New John,2023-04-26
Andrew,Smith,andrew.smith@kestra.io,9873 Short Keys,North Kristaberg,2022-11-07
Julie,Williams,julie.williams@kestra.io,9909 Young Junction,Greenmouth,2022-06-21
Robin,Strong,robin.strong@kestra.io,7671 Taylor Tunnel,Webbland,2022-06-14
Kevin,Brown,kevin.brown@kestra.io,5149 Jimenez Mountain Suite 864,East Shannon,2023-07-02
Patricia,Young,patricia.young@kestra.io,27847 Mitchell Causeway Apt. 944,Hornborough,2022-08-16
Robert,Stone,robert.stone@kestra.io,8160 Santos Stream Apt. 720,Bobbyhaven,2023-07-04
Theodore,Johnson,theodore.johnson@kestra.io,9655 James Views Apt. 037,North Melindaport,2022-11-13
Daniel,Faulkner,daniel.faulkner@kestra.io,3999 Taylor Ports Suite 186,Munozbury,2023-01-23
Vincent,Lane,vincent.lane@kestra.io,05028 Hall Points,South Sharonton,2022-05-11
Marisa,Maldonado,marisa.maldonado@kestra.io,8865 Gray Parkways,East Travisland,2022-10-28
Amanda,Guzman,amanda.guzman@kestra.io,21193 Johnson Throughway,South Codyborough,2023-04-23
Holly,May,holly.may@kestra.io,03539 John Plains Apt. 702,Meganburgh,2022-10-02
Oscar,Mcpherson,oscar.mcpherson@kestra.io,3089 Shannon Ferry Suite 180,Suzannehaven,2022-04-10
Steven,Aguilar,steven.aguilar@kestra.io,7028 Booth Brooks Suite 886,Timothyfurt,2022-12-09
Monica,Johnson,monica.johnson@kestra.io,802 Boyer Knoll Apt. 770,East Maria,2022-04-12
David,Carney,david.carney@kestra.io,312 Martinez Terrace,Nelsonchester,2022-05-24
Nicholas,Gutierrez,nicholas.gutierrez@kestra.io,1944 Christopher Lights,Port Margaret,2022-11-13
Deborah,Taylor,deborah.taylor@kestra.io,0980 John Cliff Suite 463,West Ashley,2022-03-31
Robert,Burke,robert.burke@kestra.io,73993 Linda Run,West Laura,2022-04-10
Susan,Wiley,susan.wiley@kestra.io,23295 Mullen Unions Suite 288,Johnsonborough,2022-04-13
Jacob,Gonzalez,jacob.gonzalez@kestra.io,00106 David Inlet,Matthewtown,2023-05-16
Carlos,Brown,carlos.brown@kestra.io,74500 Megan Branch Apt. 634,South Eric,2022-11-13
Brian,Rubio,brian.rubio@kestra.io,52903 Brandi Tunnel,Lake Natalie,2022-12-18
David,Nash,david.nash@kestra.io,9920 Carlson Spur,South Diane,2022-04-03
Mark,White,mark.white@kestra.io,440 David Parkway,North Phillipmouth,2022-04-13
Gary,Gardner,gary.gardner@kestra.io,0483 Jonathan Lane,South Bradyton,2023-05-14
Matthew,Lloyd,matthew.lloyd@kestra.io,714 Hardy Ferry Suite 048,Bradleyberg,2023-04-16
Ryan,Wells,ryan.wells@kestra.io,4853 Thomas Dale Suite 570,New Frankfurt,2022-07-31
Kimberly,Watts,kimberly.watts@kestra.io,0988 Miranda Keys Suite 907,Lake Christine,2022-11-24
Anthony,Peterson,anthony.peterson@kestra.io,244 Teresa Pines,Jordanhaven,2022-10-11
Casey,Kim,casey.kim@kestra.io,023 Stone Shores Apt. 340,Laurieside,2022-11-23
Jennifer,Hill,jennifer.hill@kestra.io,24031 Glass Manor,Port Christopher,2022-11-24
Sandra,Taylor,sandra.taylor@kestra.io,915 Taylor Heights,Frychester,2022-09-04
Melissa,Duke,melissa.duke@kestra.io,91288 Bailey Mews,Wrightside,2022-10-24
Katelyn,Burke,katelyn.burke@kestra.io,6534 Dillon Ways Apt. 752,Brownport,2022-05-21
Evelyn,Barnes,evelyn.barnes@kestra.io,405 Sarah Spur Apt. 146,South Tina,2023-05-12
Grace,Meza,grace.meza@kestra.io,079 Dakota Summit,Davidhaven,2022-09-06
Melissa,Anderson,melissa.anderson@kestra.io,595 Deborah Falls Suite 391,North Casey,2022-03-17
Cynthia,Greene,cynthia.greene@kestra.io,976 James Mission,New Taylorside,2022-12-18
Sarah,Cunningham,sarah.cunningham@kestra.io,908 Stephanie Vista,East Mariaside,2022-06-24
Brian,Miller,brian.miller@kestra.io,352 Hughes Estates,North Benjamin,2022-05-09
Mikayla,Cole,mikayla.cole@kestra.io,42860 Miller Landing,South Arthurberg,2022-09-19
Lonnie,Hampton,lonnie.hampton@kestra.io,5278 Kim View,North Cindybury,2022-04-30
Lauren,Smith,lauren.smith@kestra.io,997 Kimberly Glens,Martinfurt,2023-06-04
Alicia,Duncan,alicia.duncan@kestra.io,115 Clark Shoal,Lake Michelle,2023-01-25
Richard,Scott,richard.scott@kestra.io,3980 Ellis Pike Suite 370,Greenfurt,2022-04-24
Phillip,Mccoy,phillip.mccoy@kestra.io,389 Powell Cape,Carriechester,2022-05-04
Sydney,Rubio,sydney.rubio@kestra.io,91396 Jenna Fall,North Rebeccabury,2022-06-13
Madeline,Rivera,madeline.rivera@kestra.io,1603 Scott Locks,Lake Philip,2022-09-14
Elizabeth,Cox,elizabeth.cox@kestra.io,071 Williams Pike Apt. 935,Parkshaven,2022-10-22
Aaron,Young,aaron.young@kestra.io,1630 Ellen Mountain Suite 769,North Kennethville,2023-03-02
Linda,Avery,linda.avery@kestra.io,172 Maldonado Vista Suite 472,Campbellshire,2023-03-13
Gary,Mcdaniel,gary.mcdaniel@kestra.io,8490 Justin Pines,West Joshua,2022-03-11
Peter,Beck,peter.beck@kestra.io,91424 Crane Ford Apt. 279,West Andrewchester,2023-06-09
Alicia,Lucas,alicia.lucas@kestra.io,25793 Alexandria Shoals,New Jacobchester,2022-04-21
Ashley,Morris,ashley.morris@kestra.io,473 Monica Mill,Burgesstown,2023-03-03
Heather,Harvey,heather.harvey@kestra.io,65532 Lozano Mount,East Gregfurt,2022-12-05
Brad,Yang,brad.yang@kestra.io,3047 Meadows Fort,Robertston,2022-04-27
Cassie,Duke,cassie.duke@kestra.io,1375 Parrish Branch Suite 931,Port Catherineberg,2023-03-02
Nathaniel,Carter,nathaniel.carter@kestra.io,938 Cheryl Island,New Brad,2023-03-30
Nathaniel,Andersen,nathaniel.andersen@kestra.io,014 Mccarty Creek Apt. 735,Kevinton,2022-02-17
Steven,Fuller,steven.fuller@kestra.io,63236 Denise Village,Mitchellton,2022-10-30
Karen,Malone,karen.malone@kestra.io,25057 Katie Groves Suite 170,Lake Mike,2023-06-15
Connie,Shepherd,connie.shepherd@kestra.io,9167 Foster Fork Apt. 152,Petersonburgh,2022-06-25
Rhonda,Acosta,rhonda.acosta@kestra.io,252 Kidd Pike Suite 358,Derrickstad,2022-08-07
Alison,Soto,alison.soto@kestra.io,40698 Lawson Stravenue Apt. 643,Gibsonmouth,2022-08-13
Katrina,Buchanan,katrina.buchanan@kestra.io,5233 Bright Lights Suite 920,Hoodbury,2022-10-09
Nicole,Hall,nicole.hall@kestra.io,709 Waters Rapids,Nathanmouth,2023-03-17
Scott,Lopez,scott.lopez@kestra.io,06983 Johnson Island Suite 060,North Gregoryhaven,2023-06-23
Alexandra,Mcbride,alexandra.mcbride@kestra.io,332 Miller Ways,Riceburgh,2022-07-21
Maria,Mueller,maria.mueller@kestra.io,879 Townsend Mountains,Tonyatown,2022-07-23
Chase,Martin,chase.martin@kestra.io,590 Wolf Land Apt. 854,Port Donaldmouth,2022-10-18
Michaela,Griffin,michaela.griffin@kestra.io,64711 Ramirez Landing Apt. 696,Port Randymouth,2023-07-06
Steven,Shepard,steven.shepard@kestra.io,075 Melissa Greens,West Sonya,2023-01-19
Marc,Harper,marc.harper@kestra.io,131 Troy Gardens Suite 051,Jamiemouth,2022-12-30
Tim,Chapman,tim.chapman@kestra.io,9053 Michael Locks,Davisport,2022-11-17
Rebecca,Carter,rebecca.carter@kestra.io,95901 Bell River Suite 316,Howellburgh,2022-03-27
Matthew,Edwards,matthew.edwards@kestra.io,0731 Martin Plains,New Michael,2022-07-05
